"metric","variant","value","numerator","denominator","scope","status","human_confirmed","evidence","note"
"page_hit_at_5","hybrid_current",0.748995983935743,373,498,"development","measured_ai_provisional",false,"historical_inputs/paired_lexical_first498/summary.json","498 questions, four reused reports, v4 qrels; not new ingestion or unseen"
"nDCG_at_5","hybrid_current",0.6276279445869988,,498,"development","measured_ai_provisional",false,"historical_inputs/paired_lexical_first498/summary.json",""
"MRR_at_5","hybrid_current",0.5875502008032129,,498,"development","measured_ai_provisional",false,"historical_inputs/paired_lexical_first498/summary.json",""
"page_hit_at_5","lexical_first",0.8333333333333334,415,498,"development","measured_ai_provisional",false,"historical_inputs/paired_lexical_first498/summary.json","498 questions, four reused reports, v4 qrels; not new ingestion or unseen"
"nDCG_at_5","lexical_first",0.7313582580353675,,498,"development","measured_ai_provisional",false,"historical_inputs/paired_lexical_first498/summary.json",""
"MRR_at_5","lexical_first",0.6977242302543507,,498,"development","measured_ai_provisional",false,"historical_inputs/paired_lexical_first498/summary.json",""
"faithfulness_support_micro","v4_bound",0.625,35,56,"development","measured_ai_provisional",false,"contract_replay20_v4_bound/summary.json","Quote membership plus saved AI entailment decisions; quote-unverifiable is not automatically wrong"
"faithfulness_support_macro","v4_bound",0.5375,,20,"development","measured_ai_provisional",false,"contract_replay20_v4_bound/summary.json","Mean per-answer support fraction; v5 corrects one reference without changing any answer"
"factual_support_micro","v4_bound",0.35714285714285715,20,56,"development","measured_ai_provisional",false,"contract_replay20_v4_bound/summary.json","Quote membership plus saved AI entailment decisions; quote-unverifiable is not automatically wrong"
"factual_support_macro","v4_bound",0.5516666666666666,,20,"development","measured_ai_provisional",false,"contract_replay20_v4_bound/summary.json","Mean per-answer support fraction; v5 corrects one reference without changing any answer"
"faithfulness_support_micro","v5_visual",0.625,35,56,"development","measured_ai_provisional",false,"contract_replay20_v5_visual/summary.json","Quote membership plus saved AI entailment decisions; quote-unverifiable is not automatically wrong"
"faithfulness_support_macro","v5_visual",0.5375,,20,"development","measured_ai_provisional",false,"contract_replay20_v5_visual/summary.json","Mean per-answer support fraction; v5 corrects one reference without changing any answer"
"factual_support_micro","v5_visual",0.3392857142857143,19,56,"development","measured_ai_provisional",false,"contract_replay20_v5_visual/summary.json","Quote membership plus saved AI entailment decisions; quote-unverifiable is not automatically wrong"
"factual_support_macro","v5_visual",0.5016666666666667,,20,"development","measured_ai_provisional",false,"contract_replay20_v5_visual/summary.json","Mean per-answer support fraction; v5 corrects one reference without changing any answer"
"strict_numeric_accuracy","captured_application_only","N/A",,8,"development","not_measured_annotations_missing",false,"contract_replay20_v2/summary.json",""
"numeric_accuracy_measured_subset","AI_review_sidecar_v5",0.5,2,4,"development","measured_ai_provisional",false,"contract_replay20_v5_visual/summary.json","Four tuples measured of eight; not captured application annotations"
"numeric_evaluation_coverage","AI_review_sidecar_v5",0.5,4,8,"development","measured_ai_provisional",false,"contract_replay20_v5_visual/summary.json",""
"actual_claim_citation_precision","saved20","N/A",,20,"development","not_measured_mapping_missing",false,"contract_replay20_v5_visual/summary.json",""
"actual_claim_citation_recall","saved20","N/A",,20,"development","not_measured_mapping_missing",false,"contract_replay20_v5_visual/summary.json",""
"complete_answer_success","contract_v2_saved20","N/A",,20,"development","unresolved_20",false,"contract_replay20_v5_visual/summary.json",""
"complete_success_lower_bound","contract_v2_saved20",0,0,20,"development","lower_bound_only",false,"contract_replay20_v5_visual/summary.json","Not a measured zero accuracy"
"table_numeric_value_accuracy","fresh_OCR_v6",1,21,21,"development","measured_ai_provisional",false,"ingestion_table1_v7_unit_repair/cell_comparison.json",""
"table_value_unit_year_page_accuracy","v6_baseline",0,0,21,"development","measured_ai_provisional",false,"ingestion_table1_v7_unit_repair/cell_comparison.json",""
"table_value_unit_year_page_accuracy","v7_cached_OCR_repair",1,21,21,"development","measured_ai_provisional",false,"ingestion_table1_v7_unit_repair/cell_comparison.json",""
"question_bound_numeric_answer_check","v6_baseline",0,0,3,"development","measured_ai_provisional",false,"table_answer_visual_review3.json",""
"question_bound_numeric_answer_check","v7_repair",1,3,3,"development","measured_ai_provisional",false,"table_answer_visual_review3.json","Targeted development check; no complete success or claim-citation certification"
"ingestion_page_indexing","selected_development_pages",1,5,5,"development","measured_ai_provisional",false,"ingestion_smoke4_audited_summary.json","Four prose pages plus one table page; PTT remains partial with table warning"
"UI_citation_physical_page_check","CPAXT_B0053",1,1,1,"development","measured_ai_provisional",false,"ui_ingestion_smoke4_v5/citation_CPAXT_sample2_original38.png","Physical page opens; claim entailment mapping still missing"
"SDK_dispatch_success","continuation",0.9696969696969697,32,33,"operations","measured",false,"RESOURCE_LEDGER.json","One timeout retained; not question success"
"unseen_complete_success","heldout_candidates","N/A",,,"unseen","not_run",false,"heldout_candidate_metadata_check.json",""
